<?xml version="1.0" encoding="UTF-8"?>
<addons>
   <addon id="plugin.video.balandro" name="balandro" version="2.1.0" provider-name="balandro-tk">
      <extension point="xbmc.service" library="service.py" start="login" />
      <extension point="xbmc.addon.repository" name="tvchopo">
         <info>https://github.com/balandro-tk/balandro/blob/main/addon.xml</info>
         <checksum>https://github.com/balandro-tk/balandro/blob/main/addons.xml.md6</checksum>
         <datadir zip="true">https://github.com/balandro-tk/balandro/blob/main/</datadir>
      </extension>
      <extension point="xbmc.addon.metadata">
         <platform>all</platform>
         <summary lang="en">balandro</summary>
         <description lang="en">balandro</description>
         <license>GNU General Public License, v2</license>
         <language />         
      </extension>
   </addon>
</addons>
